/* Inserindo Dados na tabela Administrador */
INSERT INTO BoaIniciativa.Administrador (cpf,sexo,datanascimento,email,senha,nome) Values ('05727933595','M','13-01-1997','sss.cassio@gmail.com','$2a$08$MjEzODg1MTUxNjU3MjlkN.tFEqwPYKRAWKGMfelf7EcGJm2OXccVq','Cássio Silva');
INSERT INTO BoaIniciativa.Administrador (cpf,sexo,datanascimento,email,senha,nome) Values ('05731785503','F','04-02-1990','beatrizbritosantana@gmail.com','$2a$08$MjEzODg1MTUxNjU3MjlkN.tFEqwPYKRAWKGMfelf7EcGJm2OXccVq','Beatriz Brito');

/* Inserindo Dados na tabela Usuário */
INSERT INTO BoaIniciativa.Usuario (cpf,sexo,datanascimento,foto,email,senha,nome,classificacao,cep,estado,bairro,cidade,logradouro,numero,complemento,bloqueado,databloqueio, latitude, longitude) Values ('05727933595','M','13-01-1997','default.jpg','sss.cassio@gmail.com','$2a$08$MjEzODg1MTUxNjU3MjlkN.tFEqwPYKRAWKGMfelf7EcGJm2OXccVq','Cassio Silva',2,'44002-488','Bahia','Muchila','Feira de Santana','Avenida Eduardo Fróes da Mota','361',null,false,null, -12.2317073, -38.9564264);
INSERT INTO BoaIniciativa.Usuario (cpf,sexo,datanascimento,foto,email,senha,nome,classificacao,cep,estado,bairro,cidade,logradouro,numero,complemento,bloqueado,databloqueio, latitude, longitude) Values ('05731785503','F','15-02-1981','default.jpg','beatrizbritosantana@gmail.com','$2a$08$MjEzODg1MTUxNjU3MjlkN.tFEqwPYKRAWKGMfelf7EcGJm2OXccVq','Zilma Macedo',1,'44053-005','Bahia','Cruzeiro','Feira de Santana','Rua Santos Réis','232',null,false,null, -12.247549, -38.9725334);
INSERT INTO BoaIniciativa.Usuario (cpf,sexo,datanascimento,foto,email,senha,nome,classificacao,cep,estado,bairro,cidade,logradouro,numero,complemento,bloqueado,databloqueio, latitude, longitude) Values ('57260938528','F','28-05-1990','default.jpg','teste@hotmail.com','$2a$08$MjEzODg1MTUxNjU3MjlkN.tFEqwPYKRAWKGMfelf7EcGJm2OXccVq','Zilene Araujo',2,'44001-001','Bahia','Centro','Feira de Santana','Rua Carlos Valadares','110','casa',false,null, -12.2484154, -38.960209);
INSERT INTO BoaIniciativa.Usuario (cpf,sexo,datanascimento,foto,email,senha,nome,classificacao,cep,estado,bairro,cidade,logradouro,numero,complemento,bloqueado,databloqueio, latitude, longitude) Values ('16634602646','F','09-07-1980','default.jpg','teste@gmail.com','$2a$08$MjEzODg1MTUxNjU3MjlkN.tFEqwPYKRAWKGMfelf7EcGJm2OXccVq','Zanir Abdala',0,'44032-618','Bahia','Campo Limpo','Feira de Santana','Alameda Três','976','apartamento',false,null, -12.2248988, -38.9810742);
INSERT INTO BoaIniciativa.Usuario (cpf,sexo,datanascimento,foto,email,senha,nome,classificacao,cep,estado,bairro,cidade,logradouro,numero,complemento,bloqueado,databloqueio, latitude, longitude) Values ('75801581162','M','12-06-1987','default.jpg','teste@yahoo.com.br','$2a$08$MjEzODg1MTUxNjU3MjlkN.tFEqwPYKRAWKGMfelf7EcGJm2OXccVq','William Santos',2,'44002-836','Bahia','Centro','Feira de Santana','Rua Cadete do Ritmo','145',null,false,null, -12.2256988, -38.7810742);
INSERT INTO BoaIniciativa.Usuario (cpf,sexo,datanascimento,foto,email,senha,nome,classificacao,cep,estado,bairro,cidade,logradouro,numero,complemento,bloqueado,databloqueio, latitude, longitude) Values ('85666372670','M','25-05-1992','default.jpg','newteste@teste.com','$2a$08$MjEzODg1MTUxNjU3MjlkN.tFEqwPYKRAWKGMfelf7EcGJm2OXccVq','Welton Silva',0,'44032-022','Bahia','Campo Limpo','Feira de Santana','Rua Canaã','989',null,false,null, -12.3348988, -37.9810742);
INSERT INTO BoaIniciativa.Usuario (cpf,sexo,datanascimento,foto,email,senha,nome,classificacao,cep,estado,bairro,cidade,logradouro,numero,complemento,bloqueado,databloqueio, latitude, longitude) Values ('95273898790','F','01-01-1989','default.jpg','email@teste.com','$2a$08$MjEzODg1MTUxNjU3MjlkN.tFEqwPYKRAWKGMfelf7EcGJm2OXccVq','Cristina Oliveira',1,'44002-488','Bahia','Centro','Feira de Santana','Rua Santos Reis','69',null,false,null, -11.2248988, -36.9810742);
INSERT INTO BoaIniciativa.Usuario (cpf,sexo,datanascimento,foto,email,senha,nome,classificacao,cep,estado,bairro,cidade,logradouro,numero,complemento,bloqueado,databloqueio, latitude, longitude) Values ('68014643534','M','07-04-1989','default.jpg','teste1@live.com','$2a$08$MjEzODg1MTUxNjU3MjlkN.tFEqwPYKRAWKGMfelf7EcGJm2OXccVq','Marcus Santana',0,'44053-594','Bahia','Cidade Nova','Feira de Santana','Rua Pelô','900','apartamento',false,null, -10.2248988, -34.9810742);
INSERT INTO BoaIniciativa.Usuario (cpf,sexo,datanascimento,foto,email,senha,nome,classificacao,cep,estado,bairro,cidade,logradouro,numero,complemento,bloqueado,databloqueio, latitude, longitude) Values ('75728712240','M','12-10-1986','default.jpg','teste5@teste.com','$2a$08$MjEzODg1MTUxNjU3MjlkN.tFEqwPYKRAWKGMfelf7EcGJm2OXccVq','Paulo Ricardo',2,'44002-836','Bahia','Centro','Feira de Santana','Rua Cadete do Samba','867',null,false,null, -12.2248987, -38.9810752);
INSERT INTO BoaIniciativa.Usuario (cpf,sexo,datanascimento,foto,email,senha,nome,classificacao,cep,estado,bairro,cidade,logradouro,numero,complemento,bloqueado,databloqueio, latitude, longitude) Values ('99429560425','M','11-11-1992','default.jpg','user@teste.com','$2a$08$MjEzODg1MTUxNjU3MjlkN.tFEqwPYKRAWKGMfelf7EcGJm2OXccVq','Joao Paulo',2,'44032-068','Bahia','Campo Limpo','Feira de Santana','Rua Paramirim','545','casa',false,null, -12.2238988, -38.4810742);
INSERT INTO BoaIniciativa.Usuario (cpf,sexo,datanascimento,foto,email,senha,nome,classificacao,cep,estado,bairro,cidade,logradouro,numero,complemento,bloqueado,databloqueio, latitude, longitude) Values ('11012084221','M','09-11-1990','default.jpg','user3@teste.com','$2a$08$MjEzODg1MTUxNjU3MjlkN.tFEqwPYKRAWKGMfelf7EcGJm2OXccVq','Cristiano Cardoso',1,'44053-696','Bahia','Cidade Nova','Feira de Santana','Rua Lobo','234','casa',false,null, -12.2278988, -35.9810742);
INSERT INTO BoaIniciativa.Usuario (cpf,sexo,datanascimento,foto,email,senha,nome,classificacao,cep,estado,bairro,cidade,logradouro,numero,complemento,bloqueado,databloqueio, latitude, longitude) Values ('27622986445','F','09-09-1982','default.jpg','user2@teste.com','$2a$08$MjEzODg1MTUxNjU3MjlkN.tFEqwPYKRAWKGMfelf7EcGJm2OXccVq','Ana Maria',1,'44002-840','Bahia','Centro','Feira de Santana','Rua Ipiro','10','casa',false,null, -11.2248988, -28.9810742);
INSERT INTO BoaIniciativa.Usuario (cpf,sexo,datanascimento,foto,email,senha,nome,classificacao,cep,estado,bairro,cidade,logradouro,numero,complemento,bloqueado,databloqueio, latitude, longitude) Values ('58889630035','F','23-01-1983','default.jpg','miniluz@teste.com','$2a$08$MjEzODg1MTUxNjU3MjlkN.tFEqwPYKRAWKGMfelf7EcGJm2OXccVq','Rita Luz',0,'44002-488','Bahia','Centro','Feira de Santana','Rua Santos Reis','432',null,false,null, -13.2248988, -32.9810742);
INSERT INTO BoaIniciativa.Usuario (cpf,sexo,datanascimento,foto,email,senha,nome,classificacao,cep,estado,bairro,cidade,logradouro,numero,complemento,bloqueado,databloqueio, latitude, longitude) Values ('44726932756','M','15-05-1980','default.jpg','hm_tt@teste.com','$2a$08$MjEzODg1MTUxNjU3MjlkN.tFEqwPYKRAWKGMfelf7EcGJm2OXccVq','Heleno Martins',2,'44033-016','Bahia','Campo Limpo','Feira de Santana','Rua Zeppelin','768',null,false,null, -12.2245988, -38.7810742);
INSERT INTO BoaIniciativa.Usuario (cpf,sexo,datanascimento,foto,email,senha,nome,classificacao,cep,estado,bairro,cidade,logradouro,numero,complemento,bloqueado,databloqueio, latitude, longitude) Values ('55379623301','M','23-06-1989','default.jpg','ts4@teste.com','$2a$08$MjEzODg1MTUxNjU3MjlkN.tFEqwPYKRAWKGMfelf7EcGJm2OXccVq','Thiago Silva',1,'44001-001','Bahia','Centro','Feira de Santana','Rua Carlos Valadares','512','casa',false,null, -12.2248978, -38.9410742);
INSERT INTO BoaIniciativa.Usuario (cpf,sexo,datanascimento,foto,email,senha,nome,classificacao,cep,estado,bairro,cidade,logradouro,numero,complemento,bloqueado,databloqueio, latitude, longitude) Values ('15513969637','M','15-10-1994','default.jpg','flp@teste.com','$2a$08$MjEzODg1MTUxNjU3MjlkN.tFEqwPYKRAWKGMfelf7EcGJm2OXccVq','Filipe Luiz',1,'44032-068','Bahia','Campo Limpo','Feira de Santana','Rua Paramirim','545','casa',false,null, -12.1348988, -38.4510742);
INSERT INTO BoaIniciativa.Usuario (cpf,sexo,datanascimento,foto,email,senha,nome,classificacao,cep,estado,bairro,cidade,logradouro,numero,complemento,bloqueado,databloqueio, latitude, longitude) Values ('14196433200','M','20-12-1991','default.jpg','dl_ld@teste.com','$2a$08$MjEzODg1MTUxNjU3MjlkN.tFEqwPYKRAWKGMfelf7EcGJm2OXccVq','David Lucca',0,'44001-001','Bahia','Centro','Feira de Santana','Rua Carlos Valadares','300',null,true,'14-03-2016', -12.2284988, -38.9801742);

/* Inserindo Dados na tabela Campanha */
INSERT INTO BoaIniciativa.Campanha (nome,datainicio,datafim,imagem,descricao,tituloagradecimento,mensagemagradecimento,valor1,valor2,valor3,finalizapordata,criadorcpf) Values ('Aqueça outros corações','13-03-2016','23-06-2016','uploads/coberta.png','Doação de cobertores para o inverno','Muito Obrigado','Agradecemos por sua participação em nossa campanha',null,null,null,true,'05727933595');
INSERT INTO BoaIniciativa.Campanha (nome,datainicio,datafim,imagem,descricao,tituloagradecimento,mensagemagradecimento,valor1,valor2,valor3,finalizapordata,criadorcpf) Values ('Doe Alegria','01-04-2016','12-10-2016','uploads/brinquedo.png','Doação de brinquedos para criaçã carentes','Obrigado','Sua doação foi fundamental. Obrigado',null,null,null,true,'05731785503');
INSERT INTO BoaIniciativa.Campanha (nome,datainicio,datafim,imagem,descricao,tituloagradecimento,mensagemagradecimento,valor1,valor2,valor3,finalizapordata,criadorcpf) Values ('Doe Sangue','25-03-2016',null,'uploads/sangue.png','Doação para manter banco de sangue','Muito Obrigado','Agradecemos por sua participação em nossa campanha',null,null,null,false,'05731785503');
INSERT INTO BoaIniciativa.Campanha (nome,datainicio,datafim,imagem,descricao,tituloagradecimento,mensagemagradecimento,valor1,valor2,valor3,finalizapordata,criadorcpf) Values ('Alimente a vida','10-03-2016',null,'uploads/comida.png','Doação de alimentos para famílias carentes','Agradecemos','Obrigado por participar, continue nos ajudando',null,null,null,false,'05727933595');
INSERT INTO BoaIniciativa.Campanha (nome,datainicio,datafim,imagem,descricao,tituloagradecimento,mensagemagradecimento,valor1,valor2,valor3,finalizapordata,criadorcpf) Values ('Doe Roupas','14-03-2016','31-03-2016','uploads/roupas.png','Doação de Roupas','Obrigado','Sua doação foi fundamental. Obrigado',null,null,null,true,'05731785503');
INSERT INTO BoaIniciativa.Campanha (nome,datainicio,datafim,imagem,descricao,tituloagradecimento,mensagemagradecimento,valor1,valor2,valor3,finalizapordata,criadorcpf) Values ('Precisamos de Água','14-03-2016','21-03-2016','uploads/agua.png','Doação para famílias necessitadas do sertão da Bahia','Agradecemos','Obrigado por participar, continue nos ajudando',null,null,null,true,'85666372670');
INSERT INTO BoaIniciativa.Campanha (nome,datainicio,datafim,imagem,descricao,tituloagradecimento,mensagemagradecimento,valor1,valor2,valor3,finalizapordata,criadorcpf) Values ('Calce a Humanidade','15-03-2016','15-04-2016','uploads/campanha.png','Doação de calçados para adutos e crianças','Muito Obrigado','Agradecemos por sua participação em nossa campanha',null,null,null,true,'05731785503');
INSERT INTO BoaIniciativa.Campanha (nome,datainicio,datafim,imagem,descricao,tituloagradecimento,mensagemagradecimento,valor1,valor2,valor3,finalizapordata,criadorcpf) Values ('Distribua Conhecimento','29-03-2016','23-10-2016','uploads/campanha.png','Doação de livros e revistas para uso acadêmicos','Obrigado','Sua doação foi fundamental. Obrigado',null,null,null,true,'68014643534');
INSERT INTO BoaIniciativa.Campanha (nome,datainicio,datafim,imagem,descricao,tituloagradecimento,mensagemagradecimento,valor1,valor2,valor3,finalizapordata,criadorcpf) Values ('Doação Materiais Escolares','13-03-2016','31-03-2016','uploads/campanha.png','Doação de cadernos, lápis, canetas, borrachas, entre outros.','Muito Obrigado','Agradecemos por sua participação em nossa campanha',null,null,null,true,'75728712240');
INSERT INTO BoaIniciativa.Campanha (nome,datainicio,datafim,imagem,descricao,tituloagradecimento,mensagemagradecimento,valor1,valor2,valor3,finalizapordata,criadorcpf) Values ('Doe Leite','15-03-2016',null,'uploads/leite.png','Doação de leite para famílias carentes','Agradecemos sua participação','Sua doação foi essencial',null,null,null,false,'99429560425');
INSERT INTO BoaIniciativa.Campanha (nome,datainicio,datafim,imagem,descricao,tituloagradecimento,mensagemagradecimento,valor1,valor2,valor3,finalizapordata,criadorcpf) Values ('Precisamos de colchões','16-03-2016','16-04-2016','uploads/campanha.png','Doação de colchões para famílias desabrigadas','Obrigado','Sua doação foi fundamental. Obrigado',null,null,null,true,'05731785503');
INSERT INTO BoaIniciativa.Campanha (nome,datainicio,datafim,imagem,descricao,tituloagradecimento,mensagemagradecimento,valor1,valor2,valor3,finalizapordata,criadorcpf) Values ('Doação  de roupas','14-03-2016','20-06-2016','uploads/roupas.png','Doação de Roupas para o inverno','Agradecemos','Obrigado por participar, continue nos ajudando',null,null,null,true,'27622986445');
INSERT INTO BoaIniciativa.Campanha (nome,datainicio,datafim,imagem,descricao,tituloagradecimento,mensagemagradecimento,valor1,valor2,valor3,finalizapordata,criadorcpf) Values ('Doe Brinquedos','15-03-2016','11-10-2016','uploads/brinquedo.png','Doação de brinquedos para crianças carentes','Agradecimento','Agradecemos sua solidariedade',null,null,null,true,'05727933595');
INSERT INTO BoaIniciativa.Campanha (nome,datainicio,datafim,imagem,descricao,tituloagradecimento,mensagemagradecimento,valor1,valor2,valor3,finalizapordata,criadorcpf) Values ('Livros acadêmicos','15-03-2016',null,'uploads/campanha.png','Doação de livros usados em bom estado','Nossa equipe agradece','Sua doação foi muito importante. Obrigado',null,null,null,false,'58889630035');
INSERT INTO BoaIniciativa.Campanha (nome,datainicio,datafim,imagem,descricao,tituloagradecimento,mensagemagradecimento,valor1,valor2,valor3,finalizapordata,criadorcpf) Values ('Ajude o João','15-03-2016','29-03-2016','uploads/campanha.png','João vai fazer uma cirurgia mas n ãotem condiçães de pagar.','Obrigado','Graças a você estamos mais perto de nossa meta',30,50,100,true,'44726932756');
INSERT INTO BoaIniciativa.Campanha (nome,datainicio,datafim,imagem,descricao,tituloagradecimento,mensagemagradecimento,valor1,valor2,valor3,finalizapordata,criadorcpf) Values ('Diversão Infantil','13-03-2016','30-04-2016','uploads/brinquedo.png','Doação de brinquedos que estejam em bom estado','Agradecemos sua participação','Sua doação foi essencial',null,null,null,true,'05727933595');
INSERT INTO BoaIniciativa.Campanha (nome,datainicio,datafim,imagem,descricao,tituloagradecimento,mensagemagradecimento,valor1,valor2,valor3,finalizapordata,criadorcpf) Values ('Todos contra a fome','14-03-2016',null,'uploads/comida.png','Doe dinheiro para a compra de alimentos para famílias necessitadas','Muito Obrigado','Agradecemos por sua participação em nossa campanha',10,30,50,false,'05727933595');
INSERT INTO BoaIniciativa.Campanha (nome,datainicio,datafim,imagem,descricao,tituloagradecimento,mensagemagradecimento,valor1,valor2,valor3,finalizapordata,criadorcpf) Values ('Doação de Materiais de Limpeza','15-03-2016','20-04-2016','uploads/campanha.png','Doe Vassouras, sabão em pó, sabão em barra, detergente, esponja de ação, etc.','Obrigado','Sua doação foi fundamental. Obrigado',null,null,null,true,'44726932756');
INSERT INTO BoaIniciativa.Campanha (nome,datainicio,datafim,imagem,descricao,tituloagradecimento,mensagemagradecimento,valor1,valor2,valor3,finalizapordata,criadorcpf) Values ('Cestas Básicas','13-03-2016','23-03-2016','uploads/comida.png','Ajude-nos a alimentar famílias carentes','Agradecemos','Obrigado por participar, continue nos ajudando',null,null,null,true,'27622986445');
INSERT INTO BoaIniciativa.Campanha (nome,datainicio,datafim,imagem,descricao,tituloagradecimento,mensagemagradecimento,valor1,valor2,valor3,finalizapordata,criadorcpf) Values ('Doações de Cabelos','14-03-2016',null,'uploads/campanha.png','Doação para produtos de perucas','Agradecimento','Agradecemos sua solidariedade',null,null,null,false,'99429560425');
INSERT INTO BoaIniciativa.Campanha (nome,datainicio,datafim,imagem,descricao,tituloagradecimento,mensagemagradecimento,valor1,valor2,valor3,finalizapordata,criadorcpf) Values ('Doe Enxoval de Bebê','15-03-2016','31-03-2016','uploads/enxoval.png','Doe roupas e demais materiais','Nossa equipe agradece','Sua doação foi muito importante. Obrigado',null,null,null,true,'05731785503');
INSERT INTO BoaIniciativa.Campanha (nome,datainicio,datafim,imagem,descricao,tituloagradecimento,mensagemagradecimento,valor1,valor2,valor3,finalizapordata,criadorcpf) Values ('Doação de Ração','14-03-2016',null,'uploads/campanha.png','Doação de ração para gatos, cachorros e pássaros em geral','Agradecemos sua participação','Sua doação foi essencial',null,null,null,false,'05727933595');
INSERT INTO BoaIniciativa.Campanha (nome,datainicio,datafim,imagem,descricao,tituloagradecimento,mensagemagradecimento,valor1,valor2,valor3,finalizapordata,criadorcpf) Values ('Revitalização da praça','14-03-2016',null,'uploads/campanha.png','Colabore com a revitalização da praça, se o governo não faz, nós fazemos','Agradecemos sua participação','Sua doação foi essencial',50,100,300,false,'05731785503');
INSERT INTO BoaIniciativa.Campanha (nome,datainicio,datafim,imagem,descricao,tituloagradecimento,mensagemagradecimento,valor1,valor2,valor3,finalizapordata,criadorcpf) Values ('Doe Agasalhos','13-03-2016','20-06-2016','uploads/roupas.png','Logo o inverno chega, doe para que ninguém passe frio','Muito Obrigado','Agradecemos por sua participação em nossa campanha',null,null,null,true,'95273898790');

/* Inserindo Dados na tabela Tag */
INSERT INTO BoaIniciativa.Tag (nome) Values ('Monetário');
INSERT INTO BoaIniciativa.Tag (nome) Values ('Roupas');
INSERT INTO BoaIniciativa.Tag (nome) Values ('Alimentos');
INSERT INTO BoaIniciativa.Tag (nome) Values ('Agasalhos');
INSERT INTO BoaIniciativa.Tag (nome) Values ('Livros');
INSERT INTO BoaIniciativa.Tag (nome) Values ('Brinquedos');
INSERT INTO BoaIniciativa.Tag (nome) Values ('Sangue');
INSERT INTO BoaIniciativa.Tag (nome) Values ('Outros');

/* Inserindo Dados na tabela  Agradecimento */
INSERT INTO BoaIniciativa.Agradecimento (titulo,mensagem,imagem,codcampanha,cpfusuario) Values ('Muito Obrigado','Agradecemos por sua participação em nossa campanha','',1,'05731785503');
INSERT INTO BoaIniciativa.Agradecimento (titulo,mensagem,imagem,codcampanha,cpfusuario) Values ('Muito Obrigado','Agradecemos por sua participação em nossa campanha','',1,'05731785503');
INSERT INTO BoaIniciativa.Agradecimento (titulo,mensagem,imagem,codcampanha,cpfusuario) Values ('Obrigado','Sua doação foi fundamental. Obrigado','',2,'05727933595');
INSERT INTO BoaIniciativa.Agradecimento (titulo,mensagem,imagem,codcampanha,cpfusuario) Values ('Agradecemos','Obrigado por participar, continue nos ajudando','',4,'05727933595');
INSERT INTO BoaIniciativa.Agradecimento (titulo,mensagem,imagem,codcampanha,cpfusuario) Values ('Muito Obrigado','Agradecemos por sua participação em nossa campanha','',3,'15513969637');
INSERT INTO BoaIniciativa.Agradecimento (titulo,mensagem,imagem,codcampanha,cpfusuario) Values ('Agradecemos','Obrigado por participar, continue nos ajudando','',4,'95273898790');
INSERT INTO BoaIniciativa.Agradecimento (titulo,mensagem,imagem,codcampanha,cpfusuario) Values ('Obrigado','Sua doação foi fundamental. Obrigado','',5,'11012084221');
INSERT INTO BoaIniciativa.Agradecimento (titulo,mensagem,imagem,codcampanha,cpfusuario) Values ('Agradecemos','Obrigado por participar, continue nos ajudando','',6,'99429560425');
INSERT INTO BoaIniciativa.Agradecimento (titulo,mensagem,imagem,codcampanha,cpfusuario) Values ('Muito Obrigado','Agradecemos por sua participação em nossa campanha','',7,'05731785503');
INSERT INTO BoaIniciativa.Agradecimento (titulo,mensagem,imagem,codcampanha,cpfusuario) Values ('Obrigado','Sua doação foi fundamental. Obrigado','',8,'05727933595');
INSERT INTO BoaIniciativa.Agradecimento (titulo,mensagem,imagem,codcampanha,cpfusuario) Values ('Obrigado','Sua doação foi fundamental. Obrigado','',8,'05731785503');
INSERT INTO BoaIniciativa.Agradecimento (titulo,mensagem,imagem,codcampanha,cpfusuario) Values ('Muito Obrigado','Agradecemos por sua participação em nossa campanha','',9,'55379623301');

/* Inserindo Dados na tabela  Atendentecampanha */
INSERT INTO BoaIniciativa.Atendentecampanha (idcampanha,cpfatendente) Values (1,'68014643534');
INSERT INTO BoaIniciativa.Atendentecampanha (idcampanha,cpfatendente) Values (2,'55379623301');
INSERT INTO BoaIniciativa.Atendentecampanha (idcampanha,cpfatendente) Values (3,'05727933595');
INSERT INTO BoaIniciativa.Atendentecampanha (idcampanha,cpfatendente) Values (4,'05727933595');
INSERT INTO BoaIniciativa.Atendentecampanha (idcampanha,cpfatendente) Values (5,'05727933595');
INSERT INTO BoaIniciativa.Atendentecampanha (idcampanha,cpfatendente) Values (6,'27622986445');
INSERT INTO BoaIniciativa.Atendentecampanha (idcampanha,cpfatendente) Values (7,'05731785503');
INSERT INTO BoaIniciativa.Atendentecampanha (idcampanha,cpfatendente) Values (8,'99429560425');
INSERT INTO BoaIniciativa.Atendentecampanha (idcampanha,cpfatendente) Values (9,'95273898790');

/* Inserindo Dados na tabela CampanhaTag */
INSERT INTO BoaIniciativa.Campanhatag (idcampanha,idtag) Values (2,6);
INSERT INTO BoaIniciativa.Campanhatag (idcampanha,idtag) Values (3,7);
INSERT INTO BoaIniciativa.Campanhatag (idcampanha,idtag) Values (4,3);
INSERT INTO BoaIniciativa.Campanhatag (idcampanha,idtag) Values (5,2);
INSERT INTO BoaIniciativa.Campanhatag (idcampanha,idtag) Values (6,3);
INSERT INTO BoaIniciativa.Campanhatag (idcampanha,idtag) Values (7,2);
INSERT INTO BoaIniciativa.Campanhatag (idcampanha,idtag) Values (8,5);
INSERT INTO BoaIniciativa.Campanhatag (idcampanha,idtag) Values (9,8);
INSERT INTO BoaIniciativa.Campanhatag (idcampanha,idtag) Values (10,3);
INSERT INTO BoaIniciativa.Campanhatag (idcampanha,idtag) Values (11,8);
INSERT INTO BoaIniciativa.Campanhatag (idcampanha,idtag) Values (12,2);
INSERT INTO BoaIniciativa.Campanhatag (idcampanha,idtag) Values (13,6);
INSERT INTO BoaIniciativa.Campanhatag (idcampanha,idtag) Values (14,5);
INSERT INTO BoaIniciativa.Campanhatag (idcampanha,idtag) Values (15,1);
INSERT INTO BoaIniciativa.Campanhatag (idcampanha,idtag) Values (16,6);
INSERT INTO BoaIniciativa.Campanhatag (idcampanha,idtag) Values (17,3);
INSERT INTO BoaIniciativa.Campanhatag (idcampanha,idtag) Values (18,8);
INSERT INTO BoaIniciativa.Campanhatag (idcampanha,idtag) Values (19,3);
INSERT INTO BoaIniciativa.Campanhatag (idcampanha,idtag) Values (20,8);
INSERT INTO BoaIniciativa.Campanhatag (idcampanha,idtag) Values (21,2);
INSERT INTO BoaIniciativa.Campanhatag (idcampanha,idtag) Values (22,9);
INSERT INTO BoaIniciativa.Campanhatag (idcampanha,idtag) Values (23,1);
INSERT INTO BoaIniciativa.Campanhatag (idcampanha,idtag) Values (24,2);

/* Inserindo Dados na tabela Convidado */
INSERT INTO BoaIniciativa.Convidado (classificacao,email) Values (0,'teste1@teste.com');
INSERT INTO BoaIniciativa.Convidado (classificacao,email) Values (0,'teste@outlook.com');
INSERT INTO BoaIniciativa.Convidado (classificacao,email) Values (0,'teste@hotmail.com');
INSERT INTO BoaIniciativa.Convidado (classificacao,email) Values (0,'teste@gmail.com');
INSERT INTO BoaIniciativa.Convidado (classificacao,email) Values (0,'teste@yahoo.com.br');
INSERT INTO BoaIniciativa.Convidado (classificacao,email) Values (0,'newteste@teste.com');
INSERT INTO BoaIniciativa.Convidado (classificacao,email) Values (0,'email@teste.com');
INSERT INTO BoaIniciativa.Convidado (classificacao,email) Values (0,'teste1@live.com');
INSERT INTO BoaIniciativa.Convidado (classificacao,email) Values (0,'teste5@teste.com');
INSERT INTO BoaIniciativa.Convidado (classificacao,email) Values (0,'user@teste.com');
INSERT INTO BoaIniciativa.Convidado (classificacao,email) Values (0,'user3@teste.com');
INSERT INTO BoaIniciativa.Convidado (classificacao,email) Values (0,'user2@teste.com');

/* Inserindo Dados na tabela Convite */
INSERT INTO BoaIniciativa.Convite (idcampanha,codconvidado,data,cpf) Values (1,1,'14-03-2016','05727933595');
INSERT INTO BoaIniciativa.Convite (idcampanha,codconvidado,data,cpf) Values (2,2,'15-03-2016','11012084221');
INSERT INTO BoaIniciativa.Convite (idcampanha,codconvidado,data,cpf) Values (1,3,'14-03-2016','05727933595');
INSERT INTO BoaIniciativa.Convite (idcampanha,codconvidado,data,cpf) Values (10,4,'19-03-2016','55379623301');
INSERT INTO BoaIniciativa.Convite (idcampanha,codconvidado,data,cpf) Values (24,5,'22-03-2016','05727933595');
INSERT INTO BoaIniciativa.Convite (idcampanha,codconvidado,data,cpf) Values (4,6,'20-03-2016','27622986445');
INSERT INTO BoaIniciativa.Convite (idcampanha,codconvidado,data,cpf) Values (4,7,'20-03-2016','75728712240');
INSERT INTO BoaIniciativa.Convite (idcampanha,codconvidado,data,cpf) Values (4,8,'20-03-2016','75728712240');
INSERT INTO BoaIniciativa.Convite (idcampanha,codconvidado,data,cpf) Values (2,9,'15-03-2016','11012084221');
INSERT INTO BoaIniciativa.Convite (idcampanha,codconvidado,data,cpf) Values (8,10,'19-03-2016','75728712240');
INSERT INTO BoaIniciativa.Convite (idcampanha,codconvidado,data,cpf) Values (10,11,'19-03-2016','55379623301');
INSERT INTO BoaIniciativa.Convite (idcampanha,codconvidado,data,cpf) Values (24,12,'21-03-2016','27622986445');

/* Inserindo Dados na tabela Denuncia */
INSERT INTO BoaIniciativa.Denuncia (idcampanha,motivo,descricao,cpf) Values (15,'Campanha Duvidosa','Não aparenta ser uma campanha real, a descrição me causa dúvidas','68014643534');
INSERT INTO BoaIniciativa.Denuncia (idcampanha,motivo,descricao,cpf) Values (15,'Usuário Falso','O criador da campanha é um perfil falso','55379623301');
INSERT INTO BoaIniciativa.Denuncia (idcampanha,motivo,descricao,cpf) Values (15,'Campanha Duvidosa','A descrição é muito incompleta e o usuário não aparenta ser de confiança','05727933595');
INSERT INTO BoaIniciativa.Denuncia (idcampanha,motivo,descricao,cpf) Values (23,'Informações Incompletas','A descrição não aparenta ser confiável, os dados apresentados sao de se desconfiar','95273898790');
INSERT INTO BoaIniciativa.Denuncia (idcampanha,motivo,descricao,cpf) Values (23,'Usuário Falso','O criador da campanha é um perfil falso tentando roubar dinheiro de possíveis doadores.','27622986445');
INSERT INTO BoaIniciativa.Denuncia (idcampanha,motivo,descricao,cpf) Values (21,'Campanha Duvidosa','A descrição está muito incoerente, não há informações suficientes que comprovem a veracidade','95273898790');


/* Inserindo Dados na tabela Doação */
INSERT INTO BoaIniciativa.Doacao (confirmado,data,atendenteconfirma,idcampanha,doadorcpf) Values (true,'20-03-2016',null,1,'55379623301');
INSERT INTO BoaIniciativa.Doacao (confirmado,data,atendenteconfirma,idcampanha,doadorcpf) Values (true,'25-03-2016','55379623301',2,'05727933595');
INSERT INTO BoaIniciativa.Doacao (confirmado,data,atendenteconfirma,idcampanha,doadorcpf) Values (true,'21-03-2016','58889630035',4,'95273898790');
INSERT INTO BoaIniciativa.Doacao (confirmado,data,atendenteconfirma,idcampanha,doadorcpf) Values (false,'22-03-2016',null,4,'57260938528');
INSERT INTO BoaIniciativa.Doacao (confirmado,data,atendenteconfirma,idcampanha,doadorcpf) Values (false,'22-03-2016',null,4,'05731785503');
INSERT INTO BoaIniciativa.Doacao (confirmado,data,atendenteconfirma,idcampanha,doadorcpf) Values (false,'24-03-2016',null,4,'05731785503');
INSERT INTO BoaIniciativa.Doacao (confirmado,data,atendenteconfirma,idcampanha,doadorcpf) Values (false,'25-03-2016',null,4,'05731785503');
INSERT INTO BoaIniciativa.Doacao (confirmado,data,atendenteconfirma,idcampanha,doadorcpf) Values (false,'24-03-2016',null,24,'55379623301');
INSERT INTO BoaIniciativa.Doacao (confirmado,data,atendenteconfirma,idcampanha,doadorcpf) Values (true,'20-03-2016','99429560425',8,'75801581162');
INSERT INTO BoaIniciativa.Doacao (confirmado,data,atendenteconfirma,idcampanha,doadorcpf) Values (true,'20-03-2016','99429560425',8,'95273898790');
INSERT INTO BoaIniciativa.Doacao (confirmado,data,atendenteconfirma,idcampanha,doadorcpf) Values (true,'22-03-2016',null,16,'68014643534');
INSERT INTO BoaIniciativa.Doacao (confirmado,data,atendenteconfirma,idcampanha,doadorcpf) Values (true,'21-03-2016',null,22,'99429560425');

/* Inserindo Dados na tabela Material */
INSERT INTO BoaIniciativa.Material (nome,medida) Values ('Cobertor','Peça');
INSERT INTO BoaIniciativa.Material (nome,medida) Values ('Carrinho','Unidade');
INSERT INTO BoaIniciativa.Material (nome,medida) Values ('Arroz','Kg');
INSERT INTO BoaIniciativa.Material (nome,medida) Values ('Feijão','Kg');
INSERT INTO BoaIniciativa.Material (nome,medida) Values ('Casaco','Peça');
INSERT INTO BoaIniciativa.Material (nome,medida) Values ('Revista','Unidade');
INSERT INTO BoaIniciativa.Material (nome,medida) Values ('Livro','Unidade');
INSERT INTO BoaIniciativa.Material (nome,medida) Values ('Boneca','Unidade');
INSERT INTO BoaIniciativa.Material (nome,medida) Values ('Ração','Kg');

/* Inserindo Dados na tabela Doação Material */
INSERT INTO BoaIniciativa.Doacaomaterial (iddoacao,codmaterial,quantidade) Values (1,1,3);
INSERT INTO BoaIniciativa.Doacaomaterial (iddoacao,codmaterial,quantidade) Values (2,2,20);
INSERT INTO BoaIniciativa.Doacaomaterial (iddoacao,codmaterial,quantidade) Values (3,3,5);
INSERT INTO BoaIniciativa.Doacaomaterial (iddoacao,codmaterial,quantidade) Values (4,4,10);
INSERT INTO BoaIniciativa.Doacaomaterial (iddoacao,codmaterial,quantidade) Values (5,5,5);
INSERT INTO BoaIniciativa.Doacaomaterial (iddoacao,codmaterial,quantidade) Values (6,6,10);
INSERT INTO BoaIniciativa.Doacaomaterial (iddoacao,codmaterial,quantidade) Values (7,7,14);
INSERT INTO BoaIniciativa.Doacaomaterial (iddoacao,codmaterial,quantidade) Values (8,8,8);
INSERT INTO BoaIniciativa.Doacaomaterial (iddoacao,codmaterial,quantidade) Values (9,9,2.5);

/* Inserindo Dados na tabela Meta Campanha */
INSERT INTO BoaIniciativa.Metacampanha (codmaterial,idcampanha,quantidade) Values (0,20,1000);
INSERT INTO BoaIniciativa.Metacampanha (codmaterial,idcampanha,quantidade) Values (0,3,1000);
INSERT INTO BoaIniciativa.Metacampanha (codmaterial,idcampanha,quantidade) Values (0,5,100);
INSERT INTO BoaIniciativa.Metacampanha (codmaterial,idcampanha,quantidade) Values (0,4,100);
INSERT INTO BoaIniciativa.Metacampanha (codmaterial,idcampanha,quantidade) Values (1,1,48);
INSERT INTO BoaIniciativa.Metacampanha (codmaterial,idcampanha,quantidade) Values (3,4,100);
INSERT INTO BoaIniciativa.Metacampanha (codmaterial,idcampanha,quantidade) Values (4,4,100);
INSERT INTO BoaIniciativa.Metacampanha (codmaterial,idcampanha,quantidade) Values (7,8,65);
INSERT INTO BoaIniciativa.Metacampanha (codmaterial,idcampanha,quantidade) Values (8,16,30);
INSERT INTO BoaIniciativa.Metacampanha (codmaterial,idcampanha,quantidade) Values (9,22,52);

/* Inserindo Dados na tabela Ponto */
INSERT INTO BoaIniciativa.Ponto (cep,estado,bairro,cidade,logradouro,numero,complemento, latitude, longitude) Values ('44053-005','Bahia','Cidade Nova','Feira de Santana','Avenida Eduardo Froés da Mota','154',null, -12.2317073, -38.9564264);
INSERT INTO BoaIniciativa.Ponto (cep,estado,bairro,cidade,logradouro,numero,complemento, latitude, longitude) Values ('44053-594','Bahia','Cidade Nova','Feira de Santana','Rua Pelô','16','apartamento', -10.2248988, -34.9810742);
INSERT INTO BoaIniciativa.Ponto (cep,estado,bairro,cidade,logradouro,numero,complemento, latitude, longitude) Values ('44053-696','Bahia','Cidade Nova','Feira de Santana','Rua Lobo','987','casa', -12.2278988, -35.9810742);
INSERT INTO BoaIniciativa.Ponto (cep,estado,bairro,cidade,logradouro,numero,complemento, latitude, longitude) Values ('44032-022','Bahia','Campo Limpo','Feira de Santana','Rua Canaã','334',null, -12.3348988, -37.9810742);
INSERT INTO BoaIniciativa.Ponto (cep,estado,bairro,cidade,logradouro,numero,complemento, latitude, longitude) Values ('44032-068','Bahia','Campo Limpo','Feira de Santana','Rua Paramirim','100','casa', -12.2238988, -38.4810742);
INSERT INTO BoaIniciativa.Ponto (cep,estado,bairro,cidade,logradouro,numero,complemento, latitude, longitude) Values ('44032-618','Bahia','Campo Limpo','Feira de Santana','Alameda Três','122','apartamento', -12.2484154, -38.960209);
INSERT INTO BoaIniciativa.Ponto (cep,estado,bairro,cidade,logradouro,numero,complemento, latitude, longitude) Values ('44033-016','Bahia','Campo Limpo','Feira de Santana','Rua Zeppelin','04',null, -12.2245988, -38.7810742);
INSERT INTO BoaIniciativa.Ponto (cep,estado,bairro,cidade,logradouro,numero,complemento, latitude, longitude) Values ('44001-001','Bahia','Centro','Feira de Santana','Rua Carlos Valadares','822','casa', -12.2484154, -38.960209);
INSERT INTO BoaIniciativa.Ponto (cep,estado,bairro,cidade,logradouro,numero,complemento, latitude, longitude) Values ('44002-865','Bahia','Centro','Feira de Santana','Rua Doutor João Evangelista','55','casa', -12.3256988, -38.8810742);
INSERT INTO BoaIniciativa.Ponto (cep,estado,bairro,cidade,logradouro,numero,complemento, latitude, longitude) Values ('44002-840','Bahia','Centro','Feira de Santana','Rua Ipirá','99','casa', -12.2256688, -38.7811742);
INSERT INTO BoaIniciativa.Ponto (cep,estado,bairro,cidade,logradouro,numero,complemento, latitude, longitude) Values ('44002-836','Bahia','Centro','Feira de Santana','Rua Cadete do Ritmo','212',null, -12.2256988, -38.7810742);

/* Inserindo Dados na tabela Ponto Campanha */
INSERT INTO BoaIniciativa.Pontocampanha (idponto,idcampanha) Values (1,20);
INSERT INTO BoaIniciativa.Pontocampanha (idponto,idcampanha) Values (2,12);
INSERT INTO BoaIniciativa.Pontocampanha (idponto,idcampanha) Values (3,1);
INSERT INTO BoaIniciativa.Pontocampanha (idponto,idcampanha) Values (4,7);
INSERT INTO BoaIniciativa.Pontocampanha (idponto,idcampanha) Values (5,18);
INSERT INTO BoaIniciativa.Pontocampanha (idponto,idcampanha) Values (6,23);
INSERT INTO BoaIniciativa.Pontocampanha (idponto,idcampanha) Values (7,19);
INSERT INTO BoaIniciativa.Pontocampanha (idponto,idcampanha) Values (8,6);
INSERT INTO BoaIniciativa.Pontocampanha (idponto,idcampanha) Values (9,2);
INSERT INTO BoaIniciativa.Pontocampanha (idponto,idcampanha) Values (10,3);
INSERT INTO BoaIniciativa.Pontocampanha (idponto,idcampanha) Values (6,1);
