/* Inserindo Dados na tabela Administrador */
INSERT INTO BoaIniciativa.Administrador (cpf,sexo,datanascimento,email,senha,nome) Values ('17432315620','F','09-11-1994','adm@teste.com','minhasenha','Miss Admin');
INSERT INTO BoaIniciativa.Administrador (cpf,sexo,datanascimento,email,senha,nome) Values ('14235499319','M','04-02-1990','teste@teste.com','defaultpassword','Sys Admin');

/* Inserindo Dados na tabela Usuário */
INSERT INTO BoaIniciativa.Usuario (cpf,sexo,datanascimento,foto,email,senha,nome,classificacao,cep,estado,bairro,cidade,logradouro,numero,complemento,bloqueado,databloqueio) Values ('71472525191','M','09-07-1986','default.jpg','teste1@teste.com','12345678','Zilmar Souza',2,'44002-488','Bahia','Centro','Feira de Santana','Rua Santos Reis','361',null,false,null);
INSERT INTO BoaIniciativa.Usuario (cpf,sexo,datanascimento,foto,email,senha,nome,classificacao,cep,estado,bairro,cidade,logradouro,numero,complemento,bloqueado,databloqueio) Values ('63516160187','F','15-02-1981','default.jpg','teste@outlook.com','87654321','Zilma Macedo',1,'44053-005','Bahia','Cidade Nova','Feira de Santana','Avenida Eduardo Froés da Mota','232',null,false,null);
INSERT INTO BoaIniciativa.Usuario (cpf,sexo,datanascimento,foto,email,senha,nome,classificacao,cep,estado,bairro,cidade,logradouro,numero,complemento,bloqueado,databloqueio) Values ('56112645149','F','28-05-1990','default.jpg','teste@hotmail.com','16253748','Zilene Araujo',2,'44001-001','Bahia','Centro','Feira de Santana','Rua Carlos Valadares','110','casa',false,null);
INSERT INTO BoaIniciativa.Usuario (cpf,sexo,datanascimento,foto,email,senha,nome,classificacao,cep,estado,bairro,cidade,logradouro,numero,complemento,bloqueado,databloqueio) Values ('17993741149','F','09-07-1980','default.jpg','teste@gmail.com','87635423','Zanir Abdala',0,'44032-618','Bahia','Campo Limpo','Feira de Santana','Alameda Três','976','apartamento',false,null);
INSERT INTO BoaIniciativa.Usuario (cpf,sexo,datanascimento,foto,email,senha,nome,classificacao,cep,estado,bairro,cidade,logradouro,numero,complemento,bloqueado,databloqueio) Values ('87213990187','M','12-06-1987','default.jpg','teste@yahoo.com.br','76453233','William Santos',2,'44002-836','Bahia','Centro','Feira de Santana','Rua Cadete do Rítimo','145',null,false,null);
INSERT INTO BoaIniciativa.Usuario (cpf,sexo,datanascimento,foto,email,senha,nome,classificacao,cep,estado,bairro,cidade,logradouro,numero,complemento,bloqueado,databloqueio) Values ('87494108149','M','25-05-1992','default.jpg','newteste@teste.com','12233456','Welton Silva',0,'44032-022','Bahia','Campo Limpo','Feira de Santana','Rua Canaã','989',null,false,null);
INSERT INTO BoaIniciativa.Usuario (cpf,sexo,datanascimento,foto,email,senha,nome,classificacao,cep,estado,bairro,cidade,logradouro,numero,complemento,bloqueado,databloqueio) Values ('14231423144','F','01-01-1989','default.jpg','email@teste.com','22334455','Cristina Oliveira',1,'44002-488','Bahia','Centro','Feira de Santana','Rua Santos Reis','69',null,false,null);
INSERT INTO BoaIniciativa.Usuario (cpf,sexo,datanascimento,foto,email,senha,nome,classificacao,cep,estado,bairro,cidade,logradouro,numero,complemento,bloqueado,databloqueio) Values ('15243123455','M','07-04-1989','default.jpg','teste1@live.com','76253521','Marcus Santana',0,'44053-594','Bahia','Cidade Nova','Feira de Santana','Rua Pelé','900','apartamento',false,null);
INSERT INTO BoaIniciativa.Usuario (cpf,sexo,datanascimento,foto,email,senha,nome,classificacao,cep,estado,bairro,cidade,logradouro,numero,complemento,bloqueado,databloqueio) Values ('17566432100','M','12-10-1986','default.jpg','teste5@teste.com','11111111','Paulo Ricardo',2,'44002-836','Bahia','Centro','Feira de Santana','Rua Cadete do Rítimo','867',null,false,null);
INSERT INTO BoaIniciativa.Usuario (cpf,sexo,datanascimento,foto,email,senha,nome,classificacao,cep,estado,bairro,cidade,logradouro,numero,complemento,bloqueado,databloqueio) Values ('16243543211','M','11-11-1992','default.jpg','user@teste.com','22222222','João Paulo',2,'44032-068','Bahia','Campo Limpo','Feira de Santana','Rua Paramirim','545','casa',false,null);
INSERT INTO BoaIniciativa.Usuario (cpf,sexo,datanascimento,foto,email,senha,nome,classificacao,cep,estado,bairro,cidade,logradouro,numero,complemento,bloqueado,databloqueio) Values ('12134533212','M','09-11-1990','default.jpg','user3@teste.com','33333333','Cristiano Cardoso',1,'44053-696','Bahia','Cidade Nova','Feira de Santana','Rua Lobo','234','casa',false,null);
INSERT INTO BoaIniciativa.Usuario (cpf,sexo,datanascimento,foto,email,senha,nome,classificacao,cep,estado,bairro,cidade,logradouro,numero,complemento,bloqueado,databloqueio) Values ('14314254322','F','09-09-1982','default.jpg','user2@teste.com','44444444','Ana Maria',1,'44002-840','Bahia','Centro','Feira de Santana','Rua Ipirá','10','casa',false,null);
INSERT INTO BoaIniciativa.Usuario (cpf,sexo,datanascimento,foto,email,senha,nome,classificacao,cep,estado,bairro,cidade,logradouro,numero,complemento,bloqueado,databloqueio) Values ('15424215322','F','23-01-1983','default.jpg','miniluz@teste.com','55555555','Rita Luz',0,'44002-488','Bahia','Centro','Feira de Santana','Rua Santos Reis','432',null,false,null);
INSERT INTO BoaIniciativa.Usuario (cpf,sexo,datanascimento,foto,email,senha,nome,classificacao,cep,estado,bairro,cidade,logradouro,numero,complemento,bloqueado,databloqueio) Values ('12323124132','M','15-05-1980','default.jpg','hm_tt@teste.com','66666666','Heleno Martins',2,'44033-016','Bahia','Campo Limpo','Feira de Santana','Rua Zeppelin','768',null,false,null);
INSERT INTO BoaIniciativa.Usuario (cpf,sexo,datanascimento,foto,email,senha,nome,classificacao,cep,estado,bairro,cidade,logradouro,numero,complemento,bloqueado,databloqueio) Values ('14123234366','M','23-06-1989','default.jpg','ts4@teste.com','77777777','Thiago Silva',1,'44001-001','Bahia','Centro','Feira de Santana','Rua Carlos Valadares','512','casa',false,null);
INSERT INTO BoaIniciativa.Usuario (cpf,sexo,datanascimento,foto,email,senha,nome,classificacao,cep,estado,bairro,cidade,logradouro,numero,complemento,bloqueado,databloqueio) Values ('16534254322','M','15-10-1994','default.jpg','flp@teste.com','98890990','Filipe Luiz',1,'44032-068','Bahia','Campo Limpo','Feira de Santana','Rua Paramirim','545','casa',false,null);
INSERT INTO BoaIniciativa.Usuario (cpf,sexo,datanascimento,foto,email,senha,nome,classificacao,cep,estado,bairro,cidade,logradouro,numero,complemento,bloqueado,databloqueio) Values ('14142516351','M','20-12-1991','default.jpg','dl_ld@teste.com','88888888','David Lucca',0,'44001-001','Bahia','Centro','Feira de Santana','Rua Carlos Valadares','300',null,true,'14-03-2016');

/* Inserindo Dados na tabela Campanha */
INSERT INTO BoaIniciativa.Campanha (idcampanha,nome,datainicio,datafim,imagem,descricao,tituloagradecimento,mensagemagradecimento,valor1,valor2,valor3,metadata,criadorcpf) Values (1,'Aqueça outros corações','13-03-2016','23-06-2016','','Doação de cobertores para o inverno','Muito Obrigado','Agradecemos por sua participação em nossa campanha',null,null,null,true,71472525191);
INSERT INTO BoaIniciativa.Campanha (idcampanha,nome,datainicio,datafim,imagem,descricao,tituloagradecimento,mensagemagradecimento,valor1,valor2,valor3,metadata,criadorcpf) Values (2,'Doe Alegria','01-04-2016','12-10-2016','','Doação de brinquedos para crianças carentes','Obrigado','Sua doação foi fundamental. Obrigado',null,null,null,true,63516160187);
INSERT INTO BoaIniciativa.Campanha (idcampanha,nome,datainicio,datafim,imagem,descricao,tituloagradecimento,mensagemagradecimento,valor1,valor2,valor3,metadata,criadorcpf) Values (3,'Doe Sangue','25-03-2016',null,'','Doação para manter banco de sangue','Muito Obrigado','Agradecemos por sua participação em nossa campanha',null,null,null,false,56112645149);
INSERT INTO BoaIniciativa.Campanha (idcampanha,nome,datainicio,datafim,imagem,descricao,tituloagradecimento,mensagemagradecimento,valor1,valor2,valor3,metadata,criadorcpf) Values (4,'Alimente a vida','10-03-2016',null,'','Doação de alimentos para famílias carentes','Agradecemos','Obrigado por participar, continue nos ajudando',null,null,null,false,17993741149);
INSERT INTO BoaIniciativa.Campanha (idcampanha,nome,datainicio,datafim,imagem,descricao,tituloagradecimento,mensagemagradecimento,valor1,valor2,valor3,metadata,criadorcpf) Values (5,'Doe Roupas','14-03-2016','31-03-2016','','Doação de Roupas','Obrigado','Sua doação foi fundamental. Obrigado',null,null,null,true,87213990187);
INSERT INTO BoaIniciativa.Campanha (idcampanha,nome,datainicio,datafim,imagem,descricao,tituloagradecimento,mensagemagradecimento,valor1,valor2,valor3,metadata,criadorcpf) Values (6,'Precisamos de Água','14-03-2016','21-03-2016','','Doação para famílias necessitadas do sertão da Bahia','Agradecemos','Obrigado por participar, continue nos ajudando',null,null,null,true,87494108149);
INSERT INTO BoaIniciativa.Campanha (idcampanha,nome,datainicio,datafim,imagem,descricao,tituloagradecimento,mensagemagradecimento,valor1,valor2,valor3,metadata,criadorcpf) Values (7,'Calce a Humanidade','15-03-2016','15-04-2016','','Doação de calçados para adutos e crianças','Muito Obrigado','Agradecemos por sua participação em nossa campanha',null,null,null,true,14231423144);
INSERT INTO BoaIniciativa.Campanha (idcampanha,nome,datainicio,datafim,imagem,descricao,tituloagradecimento,mensagemagradecimento,valor1,valor2,valor3,metadata,criadorcpf) Values (8,'Distribua Conhecimento','29-03-2016','23-10-2016','','Doação de livros e revistas para uso acadêmico','Obrigado','Sua doação foi fundamental. Obrigado',null,null,null,true,15243123455);
INSERT INTO BoaIniciativa.Campanha (idcampanha,nome,datainicio,datafim,imagem,descricao,tituloagradecimento,mensagemagradecimento,valor1,valor2,valor3,metadata,criadorcpf) Values (9,'Doação Materiais Escolares','13-03-2016','31-03-2016','','Doação de cadernos, lápis, canetas, borrachas, entre outros.','Muito Obrigado','Agradecemos por sua participação em nossa campanha',null,null,null,true,17566432100);
INSERT INTO BoaIniciativa.Campanha (idcampanha,nome,datainicio,datafim,imagem,descricao,tituloagradecimento,mensagemagradecimento,valor1,valor2,valor3,metadata,criadorcpf) Values (10,'Doe Leite','15-03-2016',null,'','Doação de leite para famílias carentes','Agradecemos sua participação','Sua doação foi essencial',null,null,null,false,16243543211);
INSERT INTO BoaIniciativa.Campanha (idcampanha,nome,datainicio,datafim,imagem,descricao,tituloagradecimento,mensagemagradecimento,valor1,valor2,valor3,metadata,criadorcpf) Values (11,'Precisamos de colchões','16-03-2016','16-04-2016','','Doação de colchões para famílias desabrigadas','Obrigado','Sua doação foi fundamental. Obrigado',null,null,null,true,12134533212);
INSERT INTO BoaIniciativa.Campanha (idcampanha,nome,datainicio,datafim,imagem,descricao,tituloagradecimento,mensagemagradecimento,valor1,valor2,valor3,metadata,criadorcpf) Values (12,'Doação de roupas','14-03-2016','20-06-2016','','Doação de Roupas para o inverno','Agradecemos','Obrigado por participar, continue nos ajudando',null,null,null,true,14314254322);
INSERT INTO BoaIniciativa.Campanha (idcampanha,nome,datainicio,datafim,imagem,descricao,tituloagradecimento,mensagemagradecimento,valor1,valor2,valor3,metadata,criadorcpf) Values (13,'Doe Brinquedos','15-03-2016','11-10-2016','','Doação de brinquedos para crianças carentes','Agradecimento','Agradecemos sua solidariedade',null,null,null,true,15424215322);
INSERT INTO BoaIniciativa.Campanha (idcampanha,nome,datainicio,datafim,imagem,descricao,tituloagradecimento,mensagemagradecimento,valor1,valor2,valor3,metadata,criadorcpf) Values (14,'Livros acadêmicos','15-03-2016',null,'','Doação de livros usados em bom estado','Nossa equipe agradece','Sua doação foi muito importante. Obrigado',null,null,null,false,15424215322);
INSERT INTO BoaIniciativa.Campanha (idcampanha,nome,datainicio,datafim,imagem,descricao,tituloagradecimento,mensagemagradecimento,valor1,valor2,valor3,metadata,criadorcpf) Values (15,'Ajude o João','15-03-2016','29-03-2016','','João vai fazer uma cirurgia mas não tem condições de pagar.','Obrigado','Graças à você estamos mais perto de nossa meta',30,50,100,true,12323124132);
INSERT INTO BoaIniciativa.Campanha (idcampanha,nome,datainicio,datafim,imagem,descricao,tituloagradecimento,mensagemagradecimento,valor1,valor2,valor3,metadata,criadorcpf) Values (16,'Diversão Infantil','13-03-2016','30-04-2016','','Doação de brinquedos que estejam em bom estado','Agradecemos sua participação','Sua doação foi essencial',null,null,null,true,71472525191);
INSERT INTO BoaIniciativa.Campanha (idcampanha,nome,datainicio,datafim,imagem,descricao,tituloagradecimento,mensagemagradecimento,valor1,valor2,valor3,metadata,criadorcpf) Values (17,'Todos contra a fome','14-03-2016',null,'','Doe dinheiro para a compra de alimentos para famílias necessitadas','Muito Obrigado','Agradecemos por sua participação em nossa campanha',10,30,50,false,17566432100);
INSERT INTO BoaIniciativa.Campanha (idcampanha,nome,datainicio,datafim,imagem,descricao,tituloagradecimento,mensagemagradecimento,valor1,valor2,valor3,metadata,criadorcpf) Values (18,'Doação de Materiais de Limpeza','15-03-2016','20-04-2016','','Doe Vassouras, sabão em pó, sabão em barra, detergente, esponja de aço, etc.','Obrigado','Sua doação foi fundamental. Obrigado',null,null,null,true,12323124132);
INSERT INTO BoaIniciativa.Campanha (idcampanha,nome,datainicio,datafim,imagem,descricao,tituloagradecimento,mensagemagradecimento,valor1,valor2,valor3,metadata,criadorcpf) Values (19,'Cestas Básicas','13-03-2016','23-03-2016','','Ajude-nos a alimentar famílias carentes','Agradecemos','Obrigado por participar, continue nos ajudando',null,null,null,true,14314254322);
INSERT INTO BoaIniciativa.Campanha (idcampanha,nome,datainicio,datafim,imagem,descricao,tituloagradecimento,mensagemagradecimento,valor1,valor2,valor3,metadata,criadorcpf) Values (20,'Doação de Cabelos','14-03-2016',null,'','Doação para produção de perucas','Agradecimento','Agradecemos sua solidariedade',null,null,null,false,16243543211);
INSERT INTO BoaIniciativa.Campanha (idcampanha,nome,datainicio,datafim,imagem,descricao,tituloagradecimento,mensagemagradecimento,valor1,valor2,valor3,metadata,criadorcpf) Values (21,'Doe Enxoval de Bebê','15-03-2016','31-03-2016','','Doe roupas e demais materiais','Nossa equipe agradece','Sua doação foi muito importante. Obrigado',null,null,null,true,12134533212);
INSERT INTO BoaIniciativa.Campanha (idcampanha,nome,datainicio,datafim,imagem,descricao,tituloagradecimento,mensagemagradecimento,valor1,valor2,valor3,metadata,criadorcpf) Values (22,'Doação de Ração','14-03-2016',null,'','Doação de ração para gatos, cachorros e pássaros em geral','Agradecemos sua participação','Sua doação foi essencial',null,null,null,false,15243123455);
INSERT INTO BoaIniciativa.Campanha (idcampanha,nome,datainicio,datafim,imagem,descricao,tituloagradecimento,mensagemagradecimento,valor1,valor2,valor3,metadata,criadorcpf) Values (23,'Revitalização da praça','14-03-2016',null,'','Colabore com a revitalização da praça, se o governo não faz, nós fazemos','Agradecemos sua participação','Sua doação foi essencial',50,100,300,false,17566432100);
INSERT INTO BoaIniciativa.Campanha (idcampanha,nome,datainicio,datafim,imagem,descricao,tituloagradecimento,mensagemagradecimento,valor1,valor2,valor3,metadata,criadorcpf) Values (24,'Doe Agasalhos','13-03-2016','20-06-2016','','Logo o inverno chega, doe para que ninguém passe frio','Muito Obrigado','Agradecemos por sua participação em nossa campanha',null,null,null,true,14231423144);

/* Inserindo Dados na tabela Tag */
INSERT INTO BoaIniciativa.Tag (idtag,nome) Values (1,'Roupas');
INSERT INTO BoaIniciativa.Tag (idtag,nome) Values (2,'Alimentos');
INSERT INTO BoaIniciativa.Tag (idtag,nome) Values (3,'Agasalhos');
INSERT INTO BoaIniciativa.Tag (idtag,nome) Values (4,'Livros');
INSERT INTO BoaIniciativa.Tag (idtag,nome) Values (5,'Monetário');
INSERT INTO BoaIniciativa.Tag (idtag,nome) Values (6,'Brinquedos');
INSERT INTO BoaIniciativa.Tag (idtag,nome) Values (7,'Sangue');
INSERT INTO BoaIniciativa.Tag (idtag,nome) Values (8,'Outros');

/* Inserindo Dados na tabela  Agradecimento */
INSERT INTO BoaIniciativa.Agradecimento (codagradecimento,titulo,mensagem,imagem,codcampanha,cpfusuario) Values (1,'Muito Obrigado','Agradecemos por sua participação em nossa campanha','',1,'17566432100');
INSERT INTO BoaIniciativa.Agradecimento (codagradecimento,titulo,mensagem,imagem,codcampanha,cpfusuario) Values (2,'Muito Obrigado','Agradecemos por sua participação em nossa campanha','',1,'15424215322');
INSERT INTO BoaIniciativa.Agradecimento (codagradecimento,titulo,mensagem,imagem,codcampanha,cpfusuario) Values (3,'Obrigado','Sua doação foi fundamental. Obrigado','',2,'12323124132');
INSERT INTO BoaIniciativa.Agradecimento (codagradecimento,titulo,mensagem,imagem,codcampanha,cpfusuario) Values (4,'Agradecemos','Obrigado por participar, continue nos ajudando','',4,'14314254322');
INSERT INTO BoaIniciativa.Agradecimento (codagradecimento,titulo,mensagem,imagem,codcampanha,cpfusuario) Values (5,'Muito Obrigado','Agradecemos por sua participação em nossa campanha','',3,'16534254322');
INSERT INTO BoaIniciativa.Agradecimento (codagradecimento,titulo,mensagem,imagem,codcampanha,cpfusuario) Values (6,'Agradecemos','Obrigado por participar, continue nos ajudando','',4,'14231423144');
INSERT INTO BoaIniciativa.Agradecimento (codagradecimento,titulo,mensagem,imagem,codcampanha,cpfusuario) Values (7,'Obrigado','Sua doação foi fundamental. Obrigado','',5,'12134533212');
INSERT INTO BoaIniciativa.Agradecimento (codagradecimento,titulo,mensagem,imagem,codcampanha,cpfusuario) Values (8,'Agradecemos','Obrigado por participar, continue nos ajudando','',6,'16243543211');
INSERT INTO BoaIniciativa.Agradecimento (codagradecimento,titulo,mensagem,imagem,codcampanha,cpfusuario) Values (9,'Muito Obrigado','Agradecemos por sua participação em nossa campanha','',7,'14231423144');
INSERT INTO BoaIniciativa.Agradecimento (codagradecimento,titulo,mensagem,imagem,codcampanha,cpfusuario) Values (10,'Obrigado','Sua doação foi fundamental. Obrigado','',8,'15243123455');
INSERT INTO BoaIniciativa.Agradecimento (codagradecimento,titulo,mensagem,imagem,codcampanha,cpfusuario) Values (11,'Obrigado','Sua doação foi fundamental. Obrigado','',8,'14123234366');
INSERT INTO BoaIniciativa.Agradecimento (codagradecimento,titulo,mensagem,imagem,codcampanha,cpfusuario) Values (12,'Muito Obrigado','Agradecemos por sua participação em nossa campanha','',9,'14123234366');

/* Inserindo Dados na tabela  Atendentecampanha */
INSERT INTO BoaIniciativa.Atendentecampanha (idcampanha,cpfatendente) Values (1,'15243123455');
INSERT INTO BoaIniciativa.Atendentecampanha (idcampanha,cpfatendente) Values (2,'14123234366');
INSERT INTO BoaIniciativa.Atendentecampanha (idcampanha,cpfatendente) Values (3,'71472525191');
INSERT INTO BoaIniciativa.Atendentecampanha (idcampanha,cpfatendente) Values (4,'15424215322');
INSERT INTO BoaIniciativa.Atendentecampanha (idcampanha,cpfatendente) Values (5,'12323124132');
INSERT INTO BoaIniciativa.Atendentecampanha (idcampanha,cpfatendente) Values (6,'14314254322');
INSERT INTO BoaIniciativa.Atendentecampanha (idcampanha,cpfatendente) Values (7,'63516160187');
INSERT INTO BoaIniciativa.Atendentecampanha (idcampanha,cpfatendente) Values (8,'16243543211');
INSERT INTO BoaIniciativa.Atendentecampanha (idcampanha,cpfatendente) Values (9,'14231423144');

/* Inserindo Dados na tabela CampanhaTag */
INSERT INTO BoaIniciativa.Campanhatag (idcampanha,idtag) Values (1,3);
INSERT INTO BoaIniciativa.Campanhatag (idcampanha,idtag) Values (2,6);
INSERT INTO BoaIniciativa.Campanhatag (idcampanha,idtag) Values (3,7);
INSERT INTO BoaIniciativa.Campanhatag (idcampanha,idtag) Values (4,2);
INSERT INTO BoaIniciativa.Campanhatag (idcampanha,idtag) Values (5,1);
INSERT INTO BoaIniciativa.Campanhatag (idcampanha,idtag) Values (6,2);
INSERT INTO BoaIniciativa.Campanhatag (idcampanha,idtag) Values (7,1);
INSERT INTO BoaIniciativa.Campanhatag (idcampanha,idtag) Values (8,4);
INSERT INTO BoaIniciativa.Campanhatag (idcampanha,idtag) Values (9,8);
INSERT INTO BoaIniciativa.Campanhatag (idcampanha,idtag) Values (10,2);
INSERT INTO BoaIniciativa.Campanhatag (idcampanha,idtag) Values (11,8);
INSERT INTO BoaIniciativa.Campanhatag (idcampanha,idtag) Values (12,1);
INSERT INTO BoaIniciativa.Campanhatag (idcampanha,idtag) Values (13,6);
INSERT INTO BoaIniciativa.Campanhatag (idcampanha,idtag) Values (14,4);
INSERT INTO BoaIniciativa.Campanhatag (idcampanha,idtag) Values (15,5);
INSERT INTO BoaIniciativa.Campanhatag (idcampanha,idtag) Values (16,6);
INSERT INTO BoaIniciativa.Campanhatag (idcampanha,idtag) Values (17,5);
INSERT INTO BoaIniciativa.Campanhatag (idcampanha,idtag) Values (18,8);
INSERT INTO BoaIniciativa.Campanhatag (idcampanha,idtag) Values (19,2);
INSERT INTO BoaIniciativa.Campanhatag (idcampanha,idtag) Values (20,8);
INSERT INTO BoaIniciativa.Campanhatag (idcampanha,idtag) Values (21,1);
INSERT INTO BoaIniciativa.Campanhatag (idcampanha,idtag) Values (22,8);
INSERT INTO BoaIniciativa.Campanhatag (idcampanha,idtag) Values (23,5);
INSERT INTO BoaIniciativa.Campanhatag (idcampanha,idtag) Values (24,3);

/* Inserindo Dados na tabela Convidado */
INSERT INTO BoaIniciativa.Convidado (codconvidado,classificacao,email) Values (1,0,'teste1@teste.com');
INSERT INTO BoaIniciativa.Convidado (codconvidado,classificacao,email) Values (2,0,'teste@outlook.com');
INSERT INTO BoaIniciativa.Convidado (codconvidado,classificacao,email) Values (3,0,'teste@hotmail.com');
INSERT INTO BoaIniciativa.Convidado (codconvidado,classificacao,email) Values (4,0,'teste@gmail.com');
INSERT INTO BoaIniciativa.Convidado (codconvidado,classificacao,email) Values (5,0,'teste@yahoo.com.br');
INSERT INTO BoaIniciativa.Convidado (codconvidado,classificacao,email) Values (6,0,'newteste@teste.com');
INSERT INTO BoaIniciativa.Convidado (codconvidado,classificacao,email) Values (7,0,'email@teste.com');
INSERT INTO BoaIniciativa.Convidado (codconvidado,classificacao,email) Values (8,0,'teste1@live.com');
INSERT INTO BoaIniciativa.Convidado (codconvidado,classificacao,email) Values (9,0,'teste5@teste.com');
INSERT INTO BoaIniciativa.Convidado (codconvidado,classificacao,email) Values (10,0,'user@teste.com');
INSERT INTO BoaIniciativa.Convidado (codconvidado,classificacao,email) Values (11,0,'user3@teste.com');
INSERT INTO BoaIniciativa.Convidado (codconvidado,classificacao,email) Values (12,0,'user2@teste.com');

/* Inserindo Dados na tabela Convite */
INSERT INTO BoaIniciativa.Convite (idcampanha,codconvidado,data,cpf) Values (1,1,'14-03-2016','71472525191');
INSERT INTO BoaIniciativa.Convite (idcampanha,codconvidado,data,cpf) Values (2,2,'15-03-2016','12134533212');
INSERT INTO BoaIniciativa.Convite (idcampanha,codconvidado,data,cpf) Values (1,3,'14-03-2016','71472525191');
INSERT INTO BoaIniciativa.Convite (idcampanha,codconvidado,data,cpf) Values (10,4,'19-03-2016','14123234366');
INSERT INTO BoaIniciativa.Convite (idcampanha,codconvidado,data,cpf) Values (24,5,'22-03-2016','71472525191');
INSERT INTO BoaIniciativa.Convite (idcampanha,codconvidado,data,cpf) Values (4,6,'20-03-2016','14314254322');
INSERT INTO BoaIniciativa.Convite (idcampanha,codconvidado,data,cpf) Values (4,7,'20-03-2016','17566432100');
INSERT INTO BoaIniciativa.Convite (idcampanha,codconvidado,data,cpf) Values (4,8,'20-03-2016','17566432100');
INSERT INTO BoaIniciativa.Convite (idcampanha,codconvidado,data,cpf) Values (2,9,'15-03-2016','12134533212');
INSERT INTO BoaIniciativa.Convite (idcampanha,codconvidado,data,cpf) Values (8,10,'19-03-2016','17566432100');
INSERT INTO BoaIniciativa.Convite (idcampanha,codconvidado,data,cpf) Values (10,11,'19-03-2016','14123234366');
INSERT INTO BoaIniciativa.Convite (idcampanha,codconvidado,data,cpf) Values (24,12,'21-03-2016','14314254322');

/* Inserindo Dados na tabela Denuncia */
INSERT INTO BoaIniciativa.Denuncia (coddenuncia,idcampanha,motivo,descricao,cpf) Values (1,15,'Campanha Duvidosa','Não aparenta ser uma campanha real, a descrição me causa dúvidas','15243123455');
INSERT INTO BoaIniciativa.Denuncia (coddenuncia,idcampanha,motivo,descricao,cpf) Values (2,15,'Usuário Falso','O criador da campanha é um perfil falso','14123234366');
INSERT INTO BoaIniciativa.Denuncia (coddenuncia,idcampanha,motivo,descricao,cpf) Values (3,15,'Campanha Duvidosa','A descrição é muito incompleta e o usuário não aparenta ser de confiança','71472525191');
INSERT INTO BoaIniciativa.Denuncia (coddenuncia,idcampanha,motivo,descricao,cpf) Values (4,23,'Informações Incompletas','A descrição não aparenta ser confiável, os dados apresentados são de se desconfiar','14231423144');
INSERT INTO BoaIniciativa.Denuncia (coddenuncia,idcampanha,motivo,descricao,cpf) Values (5,23,'Usuário Falso','O criador da campanha é um perfil falso tentando roubar dinheiro de possíveis doadores.','14314254322');
INSERT INTO BoaIniciativa.Denuncia (coddenuncia,idcampanha,motivo,descricao,cpf) Values (6,21,'Campanha Duvidosa','A descrição está muito incoerente, não há informações suficientes que comprovem a veracidade','14231423144');

/* Inserindo Dados na tabela Doação */
INSERT INTO BoaIniciativa.Doacao (iddoacao,situacao,data,atendenteconfirma,idcampanha,doadorcpf) Values (1,true,'20-03-2016',null,1,'14123234366');
INSERT INTO BoaIniciativa.Doacao (iddoacao,situacao,data,atendenteconfirma,idcampanha,doadorcpf) Values (2,true,'25-03-2016','14123234366',2,'71472525191');
INSERT INTO BoaIniciativa.Doacao (iddoacao,situacao,data,atendenteconfirma,idcampanha,doadorcpf) Values (3,true,'21-03-2016','15424215322',4,'14231423144');
INSERT INTO BoaIniciativa.Doacao (iddoacao,situacao,data,atendenteconfirma,idcampanha,doadorcpf) Values (4,false,'22-03-2016',null,4,'56112645149');
INSERT INTO BoaIniciativa.Doacao (iddoacao,situacao,data,atendenteconfirma,idcampanha,doadorcpf) Values (5,false,'24-03-2016',null,24,'14123234366');
INSERT INTO BoaIniciativa.Doacao (iddoacao,situacao,data,atendenteconfirma,idcampanha,doadorcpf) Values (6,true,'20-03-2016','16243543211',8,'87213990187');
INSERT INTO BoaIniciativa.Doacao (iddoacao,situacao,data,atendenteconfirma,idcampanha,doadorcpf) Values (7,true,'20-03-2016','16243543211',8,'14231423144');
INSERT INTO BoaIniciativa.Doacao (iddoacao,situacao,data,atendenteconfirma,idcampanha,doadorcpf) Values (8,true,'22-03-2016',null,16,'15243123455');
INSERT INTO BoaIniciativa.Doacao (iddoacao,situacao,data,atendenteconfirma,idcampanha,doadorcpf) Values (9,true,'21-03-2016',null,22,'16243543211');

/* Inserindo Dados na tabela Material */
INSERT INTO BoaIniciativa.Material (codmaterial,nome,medida) Values (1,'Cobertor','Peça');
INSERT INTO BoaIniciativa.Material (codmaterial,nome,medida) Values (2,'Carrinho','Unidade');
INSERT INTO BoaIniciativa.Material (codmaterial,nome,medida) Values (3,'Arroz','Kg');
INSERT INTO BoaIniciativa.Material (codmaterial,nome,medida) Values (4,'Feijão','Kg');
INSERT INTO BoaIniciativa.Material (codmaterial,nome,medida) Values (5,'Casaco','Peça');
INSERT INTO BoaIniciativa.Material (codmaterial,nome,medida) Values (6,'Revista','Unidade');
INSERT INTO BoaIniciativa.Material (codmaterial,nome,medida) Values (7,'Livro','Unidade');
INSERT INTO BoaIniciativa.Material (codmaterial,nome,medida) Values (8,'Boneca','Unidade');
INSERT INTO BoaIniciativa.Material (codmaterial,nome,medida) Values (9,'Ração','Kg');

/* Inserindo Dados na tabela Doação Material */
INSERT INTO BoaIniciativa.Doacaomaterial (iddoacao,codmaterial,quantidade) Values (1,1,3);
INSERT INTO BoaIniciativa.Doacaomaterial (iddoacao,codmaterial,quantidade) Values (2,2,20);
INSERT INTO BoaIniciativa.Doacaomaterial (iddoacao,codmaterial,quantidade) Values (3,3,5);
INSERT INTO BoaIniciativa.Doacaomaterial (iddoacao,codmaterial,quantidade) Values (4,4,10);
INSERT INTO BoaIniciativa.Doacaomaterial (iddoacao,codmaterial,quantidade) Values (5,5,5);
INSERT INTO BoaIniciativa.Doacaomaterial (iddoacao,codmaterial,quantidade) Values (6,6,10);
INSERT INTO BoaIniciativa.Doacaomaterial (iddoacao,codmaterial,quantidade) Values (7,7,14);
INSERT INTO BoaIniciativa.Doacaomaterial (iddoacao,codmaterial,quantidade) Values (8,8,8);
INSERT INTO BoaIniciativa.Doacaomaterial (iddoacao,codmaterial,quantidade) Values (9,9,2.5);

/* Inserindo Dados na tabela Meta Campanha */
INSERT INTO BoaIniciativa.Metacampanha (codmaterial,idcampanha,quantidade) Values (1,1,48);
INSERT INTO BoaIniciativa.Metacampanha (codmaterial,idcampanha,quantidade) Values (3,4,100);
INSERT INTO BoaIniciativa.Metacampanha (codmaterial,idcampanha,quantidade) Values (4,4,100);
INSERT INTO BoaIniciativa.Metacampanha (codmaterial,idcampanha,quantidade) Values (7,8,65);
INSERT INTO BoaIniciativa.Metacampanha (codmaterial,idcampanha,quantidade) Values (8,16,30);
INSERT INTO BoaIniciativa.Metacampanha (codmaterial,idcampanha,quantidade) Values (9,22,52);

/* Inserindo Dados na tabela Ponto */
INSERT INTO BoaIniciativa.Ponto (idponto,cep,estado,bairro,cidade,logradouro,numero,complemento) Values (1,'44053-005','Bahia','Cidade Nova','Feira de Santana','Avenida Eduardo Froés da Mota','154',null);
INSERT INTO BoaIniciativa.Ponto (idponto,cep,estado,bairro,cidade,logradouro,numero,complemento) Values (2,'44053-594','Bahia','Cidade Nova','Feira de Santana','Rua Pelé','16','apartamento');
INSERT INTO BoaIniciativa.Ponto (idponto,cep,estado,bairro,cidade,logradouro,numero,complemento) Values (3,'44053-696','Bahia','Cidade Nova','Feira de Santana','Rua Lobo','987','casa');
INSERT INTO BoaIniciativa.Ponto (idponto,cep,estado,bairro,cidade,logradouro,numero,complemento) Values (4,'44032-022','Bahia','Campo Limpo','Feira de Santana','Rua Canaã','334',null);
INSERT INTO BoaIniciativa.Ponto (idponto,cep,estado,bairro,cidade,logradouro,numero,complemento) Values (5,'44032-068','Bahia','Campo Limpo','Feira de Santana','Rua Paramirim','100','casa');
INSERT INTO BoaIniciativa.Ponto (idponto,cep,estado,bairro,cidade,logradouro,numero,complemento) Values (6,'44032-618','Bahia','Campo Limpo','Feira de Santana','Alameda Três','122','apartamento');
INSERT INTO BoaIniciativa.Ponto (idponto,cep,estado,bairro,cidade,logradouro,numero,complemento) Values (7,'44033-016','Bahia','Campo Limpo','Feira de Santana','Rua Zeppelin','04',null);
INSERT INTO BoaIniciativa.Ponto (idponto,cep,estado,bairro,cidade,logradouro,numero,complemento) Values (8,'44001-001','Bahia','Centro','Feira de Santana','Rua Carlos Valadares','822','casa');
INSERT INTO BoaIniciativa.Ponto (idponto,cep,estado,bairro,cidade,logradouro,numero,complemento) Values (9,'44002-865','Bahia','Centro','Feira de Santana','Rua Doutor João Evangelista','55','casa');
INSERT INTO BoaIniciativa.Ponto (idponto,cep,estado,bairro,cidade,logradouro,numero,complemento) Values (10,'44002-840','Bahia','Centro','Feira de Santana','Rua Ipirá','99','casa');
INSERT INTO BoaIniciativa.Ponto (idponto,cep,estado,bairro,cidade,logradouro,numero,complemento) Values (11,'44002-836','Bahia','Centro','Feira de Santana','Rua Cadete do Rítimo','212',null);

/* Inserindo Dados na tabela Ponto Campanha */
INSERT INTO BoaIniciativa.Pontocampanha (idponto,idcampanha) Values (1,20);
INSERT INTO BoaIniciativa.Pontocampanha (idponto,idcampanha) Values (2,12);
INSERT INTO BoaIniciativa.Pontocampanha (idponto,idcampanha) Values (3,1);
INSERT INTO BoaIniciativa.Pontocampanha (idponto,idcampanha) Values (4,7);
INSERT INTO BoaIniciativa.Pontocampanha (idponto,idcampanha) Values (5,18);
INSERT INTO BoaIniciativa.Pontocampanha (idponto,idcampanha) Values (6,23);
INSERT INTO BoaIniciativa.Pontocampanha (idponto,idcampanha) Values (7,19);
INSERT INTO BoaIniciativa.Pontocampanha (idponto,idcampanha) Values (8,6);
INSERT INTO BoaIniciativa.Pontocampanha (idponto,idcampanha) Values (9,2);
INSERT INTO BoaIniciativa.Pontocampanha (idponto,idcampanha) Values (10,3);
INSERT INTO BoaIniciativa.Pontocampanha (idponto,idcampanha) Values (11,1);